{"cameraMode":{"drawMode":0,"name":"Shaded","section":"Shading Mode"},"sceneLighting":true,"audioPlay":false,"sceneViewState":{"showFog":true,"showMaterialUpdate":false,"showSkybox":true,"showFlares":true,"showImageEffects":true,"showParticleSystems":true},"in2DMode":false,"pivot":{"x":0.7093982696533203,"y":-0.19221973419189454,"z":-0.19064998626708985},"rotation":{"x":0.0764596164226532,"y":0.917220413684845,"z":-0.21457701921463014,"w":0.32683154940605166},"size":10.247466087341309,"orthographic":false}